algo,compress_level,nthreads,rep,save_time,read_time,file_size
rds,1,1,2,6.45652103424072,0.469522953033447,19.7688674926758
base_serialize,1,1,1,0.246181964874268,0.189058065414429,209.617900848389
rds,1,1,3,6.70350408554077,0.508696794509888,19.7688674926758
rds,1,1,1,6.59948301315308,0.451046943664551,19.7688674926758
base_serialize,1,1,2,0.21804404258728,0.188499927520752,209.617900848389
base_serialize,1,1,3,0.250872850418091,0.181352138519287,209.617900848389
